pathway,net_benefit_mtco2e
AD-bio-CNG,219.5087660662153
Prevention,232.81161637921883
AD-electricity,209.09279151822736
Composting,198.63172649816647
