pathway,net_benefit_mtco2e
AD-electricity,614.3026953679633
AD-bio-CNG,624.7186699159512
Composting,603.8861058594256
Prevention,413.5471745758486
